Policy Protection Plan,,,,,,,,,,,Managed by : Zachary M. Burns
,,,,,,,,,,,
,,,,,,,,,,,
,,,,,,,,,,,
,,,,,,,,,,,
,,,,,,,,,,,
Policy Name,Policy Code,Business Code,Number,,,,,,,,
Life Growth Advantage,LGA-PLCD-9829,PLCD,2807,,,,,,,,
Smart Term Protect,STP-PLCD-9812,PLCD,5968,,,,,,,,
Life Assurance,JSU-PLCD-9813,PLCD,9129,,,,,,,,
Whole Life Shield,WLS-PLCD-9814,PLCD,12290,,,,,,,,
ULIP Growth Plan,UGP-PLCD-9834,PLCD,15451,,,,,,,,
Retire Secure,RSE-PLCD-9856,PLCD,18612,,,,,,,,
Guaranteed Wealth Builder,GWB-PLCD-9833,PLCD,21773,,,,,,,,
Income Protection Plan,ICP-PLCD-9832,PLCD,24934,,,,,,,,
