Policy Type,,,,,,,,,,Managed by : Aaron R. Thompson
,,,,,,,,,,
,,,,,,,,,,
,,,,,,,,,,
Regional Manager ID,Regional Manager Name,Mail,Region,States Covered,Security,,,,,
RMN7A3X1,Adam V. Reid,adamvreid@gmail.com,North,"Minnesota, Wisconsin, Michigan, North Dakota, South Dakota, Iowa",Owner,,,,,
RMS4B9K2,Zachary U. Castro,zacharyucastro@gmail.com,South,"Texas, Florida, Georgia, North Carolina, Tennessee",User,,,,,
RMW8C6P3,Thomas O. Rowe,thomasorowe@gmail.com,West,"California, Oregon, Washington, Arizona",User,,,,,
RME2D5Q4,Cameron C. Webb,cameroncwebb@gmail.com,East,"New York, Pennsylvania, Massachusetts, New Jersey",User,,,,,
RMC9F7L5,Owen I. Castillo,owenicastillo@gmail.com,Central,"Ohio, Illinois, Indiana, Missouri",Owner,,,,,
